username,password,age,email
lbeagen0,84gKe\>A7Y0(,27,cbarday0@delicious.com
wupham1,5'Pzqy,32,dpyrton1@ycombinator.com
rmorphet2,2YGK'005l<9K,81,ddhennin2@godaddy.com
afulloway3,7lUDjO$HX,87,kcollen3@jimdo.com
fcobain4,50gi*PzX&e,101,ficke4@booking.com
rdymoke5,21G%@A,30,blunny5@harvard.edu
rjennick6,8v3AWC+\9T#!,71,kheifer6@fda.gov
kscheffel7,9/`?B!}5Y%,86,vroseman7@hubpages.com
vgeaves8,0tJ5{e'0,68,ngibbon8@hibu.com
ljacop9,03<sL~Y7B5,17,mwilmington9@japanpost.jp
mgoshawkea,7ePkeZLH,103,aharnotta@wix.com
whellsdonb,0.I}>$),114,bmunsonb@paypal.com
pquarriec,"0M`5(niY0/""",57,hpinnickc@phoca.cz
lcorraod,2YMk7(20DqZr,64,cskepd@imageshack.us
istreetleye,"9!OGf,.t",101,rsanbrooke@sourceforge.net
nrossof,41IVgdAD5V7s,100,ipickhaverf@t-online.de
gfranciscog,34vKs+x&,76,glinayg@census.gov
hwoehlerh,1'=$>C4nB$,104,iillsleyh@reverbnation.com
fklaiseri,7M{fAI)M,114,mbricei@hatena.ne.jp
tdesousaj,6m<xp_wY,97,mconquestj@wikispaces.com
cluckk,0j@JWw*w,85,qjosefsk@businesswire.com
eangierl,"5""!?,)GOvo",89,bforestell@tiny.cc
mhaberjamm,2M+j@\4_(U,110,marnowitzm@unicef.org
jingerfieldn,"0lpM+X""OPA",119,kjayumen@boston.com
hblacklyo,0et@e4p#hYfz,32,aganeo@engadget.com
dmatveichevp,0lY'9p<d!,40,tvearnalsp@springer.com
elemanq,0~d%H?,89,isprakesq@behance.net
nbooner,6(st'pT,23,brosoner@hibu.com
nramalhetes,8/gT{B,89,sabrahms@cnn.com
vbickerstasset,2(JbKY/,50,ggrashat@earthlink.net
hduckeru,3+3ORA,110,abaniardu@blogtalkradio.com
jpaulettov,5APb%F7.,95,uandreuv@mapquest.com
ktreswellw,8@Zr><lh,16,inewlynw@marriott.com
jmardallx,0r|fd~Gq9(q,55,tmainstonex@state.gov
nliddyardy,6UejEbh{n,33,bfaltskogy@myspace.com
lkerswillz,1D%!/rTI!,91,kmashroz@e-recht24.de
nmarskell10,6@?oCH,18,syitzowitz10@ning.com
acastledine11,5}zC4*5,111,ekytter11@php.net
bjoye12,1\'9_A@,51,crosendorf12@disqus.com
astranio13,7sP5nd'r,62,ieltone13@exblog.jp
mdalyiel14,6a2jG#U'8T`,106,dboat14@economist.com
fkeyson15,337lIJ'&),20,hthoumasson15@prnewswire.com
rgogarty16,46l>8pT>t,76,mstidston16@surveymonkey.com
jrollo17,6G6*ic\sY!px,43,whellis17@theatlantic.com
agensavage18,7/B{ve,111,akirtley18@wikipedia.org
rfarnin19,0ZKOF@=,97,jslides19@shutterfly.com
fkellet1a,4\.fUL{E#/,63,cmaunder1a@icio.us
jkyle1b,0)Ol.ro,33,mraisbeck1b@microsoft.com
gmartell1c,1<mf)1z2,75,ewrates1c@cornell.edu
ehansemann1d,6S7gpNaG_I8,18,dhaydn1d@sciencedaily.com
cgrinov1e,0g{@a<tPJ,17,akleinstein1e@mapy.cz
vmcmanamen1f,2MocVNo+n,28,gmylan1f@tumblr.com
fsieve1g,2ZNV4C&`,113,rworsnip1g@newsvine.com
btimlin1h,493R7z#\%IG,117,lnapleton1h@bluehost.com
mdurn1i,"3EJx~~""J((v",66,bcreigan1i@youtu.be
njex1j,8<*`@>lnS'c,46,awhinney1j@t-online.de
lpawelczyk1k,13K9Qqc$,60,chayhoe1k@disqus.com
hwoolaston1l,"1}G?{\d""",43,bpuleston1l@home.pl
pcattermoul1m,4hx)aEVeX<k,32,sstronghill1m@independent.co.uk
lbutterworth1n,2xN}xtc9oQ6{,70,rbatchley1n@example.com
ccarroll1o,"7a'gq,qYml",20,rvergine1o@oracle.com
vnorvel1p,8?_5bh8iMV'~,68,bmorrel1p@feedburner.com
santhonsen1q,6wkDzCvu4,25,tcreber1q@dropbox.com
djozwik1r,5DieUzN,39,cmacparlan1r@dell.com
dsexstone1s,8Dlt*j,105,ahauxley1s@hatena.ne.jp
rmattaus1t,0ix>?Aw4',77,sgrim1t@lycos.com
lgilhool1u,9df|9=DJv<H,76,vabrahams1u@eepurl.com
tgulk1v,3.lw}Pu_,49,lsemerad1v@noaa.gov
jgeater1w,"3f""coS)X!",86,mkonerding1w@odnoklassniki.ru
elubbock1x,6rp8fEAA,114,lcagan1x@washingtonpost.com
mhayfield1y,3++@+?vCj,23,ggrzelewski1y@sina.com.cn
ryuryatin1z,3`#8#Ulup2,17,hutley1z@123-reg.co.uk
bspeck20,9w0.r$I*PJVC,59,mwayman20@google.ru
cvandijk21,5mBis+gY~n,72,mproudler21@google.pl
cgaskall22,3JgL2R3,38,sablett22@naver.com
abrocklebank23,4a|'DzMvp,48,ocasewell23@com.com
hbrady24,5bhw${%u,15,cmidlane24@washington.edu
tburnsell25,"9""d&7Qfs&m",45,brapelli25@indiegogo.com
alaffin26,9xoE\NY,47,pmaggorini26@google.pl
ghavock27,"2a/OME,",115,sgyppes27@epa.gov
aewbach28,5(vsXY,90,hbenns28@free.fr
ostpierre29,3pc3$vw,44,hpeasnone29@networksolutions.com
rtunaclift2a,1iZUO(/gqV0,31,bmacias2a@yellowpages.com
vportriss2b,0HtD%EKSC,16,rspofforth2b@spiegel.de
hhuriche2c,51~ghJHkP59V,116,rpengilley2c@si.edu
mfedder2d,"8m<_8T,'}T",27,nhuncoot2d@pen.io
msilber2e,3kOA5|>3YO&,26,rmccrae2e@rakuten.co.jp
jferrarese2f,4={B*puFA_,18,mscranedge2f@seattletimes.com
mpalphramand2g,535k$8p(,99,cchesnay2g@ftc.gov
cskellern2h,7a.p){$y0,27,bmctavy2h@psu.edu
akenan2i,9xPC@9jZT&,32,hkatz2i@mayoclinic.com
enitto2j,"3b?t.OcRk,26",112,mgannicleff2j@google.cn
rmunro2k,9$/5eSDBI/*D,45,agimlet2k@soup.io
tmateus2l,6_gcB)%?o,64,bmarcq2l@amazon.de
dmylechreest2m,7u_%X7q,80,amclurg2m@jigsy.com
sgelly2n,30IAq#$hIZ`,44,dskynner2n@skyrock.com
yryder2o,22Wsxj6,25,cfortoun2o@amazon.de
acompfort2p,5ezbU|p#uY,79,abourdel2p@yellowbook.com
dtalkington2q,"6d}*,z",42,qrawkesby2q@examiner.com
dswanwick2r,9rGq+dH}cSyu,81,slouca2r@buzzfeed.com
cbaggally2s,5>NK7aDrp,112,blaytham2s@boston.com
thouliston2t,"6qI)""2B.",94,bstile2t@huffingtonpost.com
cfurse2u,3d~lPxdE,99,dfehners2u@pcworld.com
cpallesen2v,4J`Qlj30,36,wcoviello2v@usatoday.com
tgarrique2w,1R)V+$f6,84,nantonoyev2w@paginegialle.it
eseifenmacher2x,4~zY1_Mf,118,mpentelo2x@cdc.gov
pdeye2y,0c>IM)d58E,114,cpadula2y@vistaprint.com
bbanghe2z,1f0ETf,44,gcoffee2z@pen.io
bsheehan30,4!YuBs~}<%5,45,gcowdry30@prlog.org
dhartwright31,2Dd6T})*,21,pfiggs31@geocities.com
anozzolinii32,4o>/@!`A3=A3,20,wrohan32@dailymotion.com
eplumbley33,8C3Q83,40,dalsina33@usgs.gov
ipovall34,94K5YR/)m,37,mlockitt34@tripadvisor.com
kbeig35,0}z<f3v5C,103,bbunn35@un.org
zparradye36,"9c,c$m2bYMdg",67,cbutterley36@webnode.com
astadding37,"1gu,R}OH@G",92,adeguara37@bloglovin.com
smoxson38,9FQK&n,52,lkilborn38@vimeo.com
rprahl39,52`?SB89`,101,dfideler39@canalblog.com
cgippes3a,3We(cnI@)d8K,25,egoldwater3a@ovh.net
abartolomeoni3b,2M!WIFt*6x,50,lboard3b@amazon.co.jp
acoopland3c,7=I!O/8R,77,dbulbrook3c@hexun.com
cphilippsohn3d,4oQwLf1nrp,106,dcronin3d@ask.com
chindshaw3e,7JZ(s=m,30,ekitchaside3e@state.gov
bnerger3f,"7,=KvJ",16,aingarfill3f@biglobe.ne.jp
bcourt3g,89Fz|*i,15,sterzo3g@tumblr.com
arolfs3h,5hWhEY\sqQ1,59,eskelton3h@statcounter.com
kfilchagin3i,4WPaFk0i,89,vhannis3i@wsj.com
gbeebis3j,2EPtnJw,74,jbrithman3j@diigo.com
cjandak3k,"1`nI5,",86,lgotcliffe3k@ifeng.com
crangle3l,3WXf1<O=},78,bagerskow3l@stanford.edu
triccardo3m,34c!qGzL6b,18,rgreatbatch3m@stumbleupon.com
ldirand3n,"3!}%<=.m""`",57,dbrizell3n@google.com
sattfield3o,0>b$KQH&>QU,24,pdebischof3o@bloglines.com
tvanhalen3p,7Rhzq|\*@yM,83,mcostin3p@ycombinator.com
lsawkins3q,"6""~uk'V#",113,srockcliffe3q@buzzfeed.com
kissacof3r,2qWd#M/#m,79,prodson3r@umn.edu
dmityushkin3s,2Lz+Lstm,83,egavey3s@flavors.me
sswigger3t,17gq2+?F,85,cpisculli3t@stumbleupon.com
ctarpey3u,5kHTn5uGw,47,vrablan3u@rediff.com
cmccard3v,"8|Z9v,u",52,lgaucher3v@google.ru
ppoxson3w,"6$&Kf7Kt|""Mv",105,smilstead3w@sciencedaily.com
eganiclef3x,5Y&IrEU%lh,21,vgiacovazzo3x@chron.com
gmccowan3y,"3~vWv,o\xgO",14,mdeval3y@sciencedirect.com
asproson3z,3/GERt,46,oduke3z@theatlantic.com
mbelford40,3V%9Bw.hu,102,tleithharvey40@nih.gov
cstrass41,6L&#L8,42,wdownham41@trellian.com
gdelaunde42,0x+>P2%7k,58,rjurisch42@ucoz.com
btitchen43,2hY+N8oSO6,103,ykenrack43@intel.com
lbarff44,4P*|P&>4b3sw,27,jlang44@aboutads.info
wmcgebenay45,5{&M/'s,82,dyakob45@yahoo.com
edonnel46,9V0r{px77Y,100,nclemerson46@disqus.com
cjellard47,2w@pq+Bo,109,mkatz47@skyrock.com
sedinborough48,0~JFy&0$wZ|H,78,hdifrancecshi48@sfgate.com
dlund49,5=\'N{I|$Ii`,93,tdono49@mysql.com
fminard4a,0&UvRY3mOB,104,tcinderey4a@t.co
rburdis4b,6`aARpYJc,16,omoyse4b@cnet.com
cpocknoll4c,5Hc9GV,77,bcrosier4c@taobao.com
wpercival4d,9+k7V\aDIg,78,ssmitton4d@bandcamp.com
ccansfield4e,"9%,YjJ/0q3~Z",42,squade4e@timesonline.co.uk
rlintot4f,5d8d`Q/Bbm5p,69,kmoyes4f@psu.edu
jtakkos4g,2%F0zHUQN.Hg,46,gpetrolli4g@ebay.com
tjopke4h,"1"".ctl",109,csimo4h@opera.com
ccalverd4i,1|cdyO@Z,98,hpiatkowski4i@sciencedirect.com
itoghill4j,20Bd{fZ,62,llock4j@theglobeandmail.com
fcrumpton4k,8ZjaQC,58,sradish4k@simplemachines.org
norganer4l,3GZ%(o{Mo>P,93,llacroce4l@jalbum.net
tferroni4m,9hS!EO9,117,rhyrons4m@google.nl
bangliss4n,5&Rr!eWaJm,112,kbrashaw4n@wordpress.com
ddomokos4o,7%dj<E1\H),113,wrosenfelder4o@sciencedirect.com
jklossmann4p,4c8?$K4tJ,91,dhiseman4p@jigsy.com
ypeppard4q,"1bcTS|3,Tw",84,jheggman4q@addtoany.com
asummersby4r,0$7Kj)ePsI=H,53,tbowmer4r@squarespace.com
baccum4s,1{|M5a#zo,52,rparry4s@icio.us
eedelheit4t,8XF&EQ,105,ospurret4t@va.gov
kbuffey4u,63|!@2w}`,91,dsandiland4u@youtu.be
dshade4v,"5wwi2}""EA",49,bswindon4v@simplemachines.org
achessel4w,7aomIk,55,amckellar4w@japanpost.jp
jfosten4x,0AxDNHhIL,69,amccart4x@google.co.uk
dgohn4y,"6#ls0dpt,x",32,balonso4y@elegantthemes.com
cyushkov4z,0+\&aL&_j,101,codger4z@cisco.com
kfarens50,7'Yw)NM,80,tcastillo50@illinois.edu
kbagnal51,1L*VOw\Kl,106,abolton51@slideshare.net
owitter52,8u\r26/d,15,gearl52@stumbleupon.com
ctimothy53,82w6?!_8%`,90,mwikey53@e-recht24.de
agerckens54,77sjh%,83,msoars54@epa.gov
lclemon55,4p+4joIL`+Z,31,wsatterfitt55@skyrock.com
grenols56,7Uy\91r5,56,edeal56@ftc.gov
tpalatino57,9j`YSS0&+,104,lswiers57@icq.com
krenshell58,5_aX2r%ff6,51,cbotwright58@paginegialle.it
wnassau59,3#)mg)U,65,agherarducci59@unesco.org
gmoberley5a,5Yg)dQa$7,115,ccote5a@princeton.edu
gbeers5b,8Rdz.srRP0e,59,ggriffin5b@auda.org.au
yales5c,8U/vjd,16,fpittel5c@meetup.com
ckearle5d,7z.9C82|),99,aoferris5d@usgs.gov
pdosdale5e,1r3hQ`mh,31,bpaynton5e@free.fr
dmilroy5f,1W0fh4AN&,38,fperez5f@geocities.com
cbawden5g,1TX_CE|Q,85,mronchetti5g@blogspot.com
cemett5h,9l`pIWRqdH,116,tsurr5h@yolasite.com
dmedcraft5i,7HwJfk7$,35,dgoldman5i@cbslocal.com
kcawthorne5j,8}4LNJ'?_A29,53,vpleaden5j@devhub.com
kmongan5k,6rLZSb4MCEN,79,cpasmore5k@studiopress.com
vlancley5l,"7>853,Vvi2(",67,fyegorovnin5l@cargocollective.com
dattwood5m,3(IA!o!,87,rgeldard5m@reference.com
elevensky5n,7rc<lk,99,mpopescu5n@arizona.edu
gdipietro5o,0FI6)BD,17,gsharram5o@cbc.ca
pshirt5p,7\J>kDCu04,66,tpampling5p@state.gov
aferrarotti5q,2JU0N&,99,gwrightam5q@canalblog.com
rstourton5r,9jEunI2oLs}/,90,aabrashkov5r@webnode.com
catwool5s,15rpEH(9yJ%,94,skildahl5s@nifty.com
egollop5t,2>?N<T,71,hhartshorn5t@nih.gov
mtoleman5u,6epzu22`\Y&,77,aandersson5u@nature.com
klockney5v,55==~1*0,88,hollivierre5v@feedburner.com
sreap5w,9{RBQCKI,90,amoakes5w@feedburner.com
lnorkett5x,30QKp*6f,41,hbeardsall5x@weather.com
gcasillas5y,"4R)u6,",26,mdemogeot5y@cisco.com
fhockey5z,"3o2n$C_""T~~Q",101,bstollenwerck5z@mozilla.org
tharms60,0f2+/Dqt4o!#,117,lsoldan60@netvibes.com
sleet61,8iU8v#)kV,90,ckerby61@livejournal.com
amanns62,5H%rZCoGW|eI,44,dcaras62@delicious.com
lbriddock63,9FEn+j0S}&V#,68,lmatthewman63@blogger.com
lcapron64,"5e{bY6?,",88,hhabbal64@ucla.edu
chirtz65,7B$s5dT,81,mvannikov65@nytimes.com
ecurrier66,2>yD2)kY`I>H,53,aschaumann66@squidoo.com
ldelyth67,44u`&4'TRhw,56,rmcgarvie67@cbsnews.com
hmeeking68,"9mV""}D",75,ochittock68@webs.com
lwilsdon69,3Kf`k{,60,akebell69@dedecms.com
fgrzeskowski6a,92T&N=',30,etayt6a@1688.com
mheymann6b,9\lHERp|Sd,88,jspurrier6b@bbb.org
echappel6c,9QVTSOAj@g,81,jturpey6c@unc.edu
btudge6d,2'+*YU,85,sgrundle6d@ning.com
mbroomer6e,2)clHu.GJ=,69,besler6e@hugedomains.com
tbartolomeotti6f,2fU!h?L$L1d,85,emuzzullo6f@dailymail.co.uk
amaffi6g,5nU&.C&V_,91,aromushkin6g@salon.com
rvanbruggen6h,5ld1~AOOvZ{P,102,trolse6h@php.net
pdethloff6i,1GM7?eD,106,rberks6i@intel.com
dmattholie6j,9xgr7D,18,ftudge6j@sogou.com
btunbridge6k,3@lA\C$`vKp8,49,snorree6k@eepurl.com
jscyner6l,6+Dsb*EX,46,oannakin6l@shinystat.com
sgennings6m,4yCzu@4xO,14,fboncoeur6m@economist.com
bleith6n,6DdfFR!<NB,101,hwhyteman6n@tripadvisor.com
clindenberg6o,"4N*RpO""PM.L",38,kdoe6o@accuweather.com
khaswell6p,3s\aBaq=,105,fgoard6p@mashable.com
wdinwoodie6q,3zLRfXsf%,49,aduncanson6q@hao123.com
ddasent6r,8}+RB*%P~,65,ltrevorrow6r@youtu.be
asebrook6s,2L8HcY,93,eevett6s@wp.com
dhudspeth6t,8hfk%PJ!*xl,71,bocurran6t@admin.ch
clucks6u,5#!1ZgN}hp,105,lluggar6u@usatoday.com
aaxell6v,"9Da!""CY5&~K",32,hwhitehorne6v@amazon.de
cmathen6w,5BQ/qw/)9&C,51,gsnugg6w@seesaa.net
ruzelli6x,6G+{+ne4Io,81,rshotter6x@reuters.com
sarnaldo6y,7_3!~x,90,dledwitch6y@webnode.com
jberardt6z,2rzI{v_Nu/=X,65,tchristophersen6z@ameblo.jp
bgander70,"5H0,Rk.hpG",50,gfarquar70@purevolume.com
sscanlin71,5Mmij5A.>4F,21,gletterese71@ocn.ne.jp
akensit72,"8wQ""8G7p.F,J",96,ebasey72@nbcnews.com
ubaudacci73,4k>+|@{t,34,gcaro73@oracle.com
dollett74,27|d}Ub4Tl,30,tkimpton74@google.com
jthomton75,1L.JxY`KvD,27,ddiviney75@histats.com
rsherrott76,2r~5v8u'~KPz,89,agaratty76@lulu.com
coldman77,"0LMg+""lqM",65,ebrew77@ucsd.edu
lwren78,6m_*z@s9,98,abeevor78@whitehouse.gov
tmoylan79,0I./r/,75,pdies79@auda.org.au
cdarnborough7a,8w29cv,78,mjacob7a@elegantthemes.com
sadaway7b,3ZO!B_0kh~7o,36,hgrimmert7b@theatlantic.com
ibrailey7c,9PoTNzcW,16,mmale7c@army.mil
pclaire7d,2`{Y>Uf2~,99,hblackaller7d@chicagotribune.com
dcalverley7e,"7Hy2a,J8",31,eoswick7e@nsw.gov.au
rrawdales7f,6Hm0jS6nNye<,95,msquibe7f@dedecms.com
chalstead7g,"4Kr9,'|",100,shinkins7g@ibm.com
mdreghorn7h,60CXF1+a,54,rellson7h@discuz.net
lmaccaull7i,"3,yYeq$H{)8Z",18,cmattiassi7i@rambler.ru
hperot7j,3HXhGt9,48,kkuhl7j@macromedia.com
bgoldsbury7k,4L%GoF'`zn,60,icristofaro7k@sun.com
dtommei7l,5xc~#<EDfsV,36,dgilleon7l@homestead.com
poldford7m,6q5lh>{+&_@,22,lsnoding7m@indiatimes.com
tdallimare7n,9#tW@*nOS,114,ztongue7n@e-recht24.de
flawranson7o,2`*QgSwUQ,24,lzellick7o@economist.com
cchubb7p,0o>F|(KPcSVd,65,pcolchett7p@pcworld.com
ctavernor7q,57nZf!'O,87,mpeaddie7q@weather.com
pgresch7r,"4ApxDEE,/r$",27,cdufour7r@discuz.net
nlegendre7s,"73d/3V,<8N~Y",100,emandel7s@arizona.edu
aklaessen7t,5.ug&#!/l$$,85,lpaumier7t@booking.com
bgoodinge7u,4m>/'w{xK9oB,66,haubry7u@etsy.com
hholhouse7v,0%EB~@yai,112,abraybrook7v@epa.gov
ltokell7w,2k}'VW\F7.CZ,65,lmendoza7w@bizjournals.com
rbirth7x,7\synI|*,118,nwhyteman7x@thetimes.co.uk
cnowill7y,2U1)N&1J#cqp,111,wshaxby7y@accuweather.com
pdennerly7z,5Lh?J#6{TrGP,27,sgascoine7z@tripod.com
wmosdill80,1rEMp#`,104,abourgour80@wufoo.com
icarradice81,"3hq*0""KlC|j",118,chadenton81@fema.gov
fwilkowski82,2!u&/Hw,98,zgreig82@sciencedaily.com
dsottell83,"6+,zY`h_D",113,eascrofte83@topsy.com
mberrey84,0~7k>0K_%q,15,nthurley84@wikipedia.org
mdenslow85,3)Om>/k\?>E_,42,acoan85@yale.edu
tlugsdin86,8t%A'A,30,landriuzzi86@xrea.com
cmarmon87,"5y""bZ#&'",68,sscatchard87@amazon.de
osavary88,"3z_caJ""",34,glantoph88@whitehouse.gov
rwhorton89,3$.NG4!W8,82,keveriss89@taobao.com
irewan8a,1mIJLLl_fii$,110,bmaric8a@mayoclinic.com
kpatience8b,3S8oR|u,56,starney8b@google.co.uk
mcossam8c,"5t,EO9'p",48,titzkov8c@list-manage.com
camort8d,0twJtWaop+EM,101,wbedham8d@kickstarter.com
bhartridge8e,1&=`kD1zZf,118,cdandy8e@mapy.cz
kcouldwell8f,5n0yC67V,32,fmicklewright8f@sitemeter.com
apeaurt8g,4mt4JPS,28,wwinkworth8g@bbc.co.uk
nbenoix8h,9#}}Y*J#)BE,108,mwessell8h@baidu.com
zplomer8i,"0?sOt/76PW,9",68,lbabinski8i@zimbio.com
kbaddiley8j,9e#5P/',75,imccaghan8j@people.com.cn
mdawkes8k,5.D|yI4F*{n,108,tshackleton8k@vinaora.com
mmillimoe8l,3H+Z7s_G6HS,19,bcogdon8l@dmoz.org
apridden8m,2RUib0,68,acaplis8m@army.mil
vdavie8n,4yf''$2$w(,111,ojachimak8n@miibeian.gov.cn
scaird8o,5WWfIYf,20,tmortel8o@simplemachines.org
tfitzsimmons8p,9<x.uX8s,71,pbucher8p@elpais.com
ejakovijevic8q,9Q>I2Y96rT,106,scassel8q@paginegialle.it
srioch8r,"9!r""#J37",46,hmatuschek8r@imgur.com
jyann8s,1sX%tGA8h,18,ssare8s@deviantart.com
dhaime8t,7oK0=K4\,67,adelos8t@bluehost.com
kendon8u,7#@|<LJ5p,77,hlobbe8u@last.fm
wklaas8v,7XK!mf(I7,45,idandie8v@purevolume.com
lhatley8w,8*&h>0<,118,wpoytheras8w@meetup.com
vmozzini8x,"6O=yRH""yQRU",88,cmarkova8x@ovh.net
tdendon8y,"8,fhCL%)",78,pmatz8y@google.com.hk
mfearneley8z,7FzIo+,111,ffurmagier8z@cafepress.com
rbenford90,5K+?'MFI>F?F,58,kstreak90@hubpages.com
jbeauman91,5@4?|Uwbn,21,morudden91@surveymonkey.com
askoyles92,2ASjltoOOQar,21,grival92@theatlantic.com
jstack93,6Wu0m$BJvy,66,rdanilyuk93@yolasite.com
lgreetham94,8r732>,69,okitlee94@economist.com
smilbank95,0`Jt!?8a,119,pbewshire95@comcast.net
lmacgown96,9j`ByKH,52,kwhear96@ustream.tv
lwynter97,4V{Rf'ADNG,91,mawin97@ihg.com
ksteiner98,0C8Egz,54,fpilsbury98@bing.com
hmcknockiter99,394Yw}i8<B8c,37,ahasling99@myspace.com
hmathers9a,0Yzz#6.NM@@m,85,drosenbloom9a@nytimes.com
tbravington9b,"9bcs,)A\K{",117,jbetton9b@zdnet.com
lmcmorran9c,"3fAD?,_",58,kbunny9c@forbes.com
klangthorne9d,8wbHNGU?gee,17,dconiam9d@myspace.com
acreaney9e,5/Y'e\ZOXmP,74,bbernardeau9e@usgs.gov
gmackaig9f,1~!Zp35%J,70,hdomniney9f@wikia.com
amarshland9g,9BE!!$YY,102,brizzini9g@chronoengine.com
aspadelli9h,2IvP&$\!Hu,69,ppavier9h@livejournal.com
lmcquaide9i,2.wN&G<C,83,gbarrott9i@e-recht24.de
jreadshaw9j,17H!DqG,29,losgood9j@blinklist.com
fglennon9k,2XPuYu$Z,60,vgyse9k@bbb.org
ftarge9l,"8vn@.'TwXO,v",30,rdraysey9l@moonfruit.com
jhirsthouse9m,1>XU\z1,36,eglencorse9m@wordpress.com
dyanne9n,6pOVvTMTa,20,abissell9n@ucoz.ru
abrocks9o,1{3ag{xI,58,jcreedland9o@artisteer.com
nrippon9p,9zG#`.S61,61,nfelstead9p@craigslist.org
leastby9q,3v#2u+)g*l,27,ccotherill9q@live.com
sdumbare9r,9(4rif,20,iweiss9r@seesaa.net
mbunten9s,2g~Ql_,34,ddenge9s@360.cn
dsouthernwood9t,9UFWFNiZ&K'*,25,dsutter9t@google.es
mkobus9u,3=*bo2$~,46,lgabel9u@wunderground.com
mchanter9v,9`H26',77,kwoolham9v@pen.io
atrye9w,05ed8<k,31,ddunsmore9w@va.gov
idallaghan9x,"2r?N,GN12aZ",42,lmourton9x@fema.gov
rrawlinson9y,3}olP1ZkX9,51,bdunsford9y@techcrunch.com
gwarrington9z,6%qeqbHMyCU,25,eplait9z@upenn.edu
hcroya0,2Llrns!,73,fgavaghana0@ovh.net
mbodemeaida1,3u&RLJ>C=,62,pwillimonta1@census.gov
jleathlaya2,8{uFTUq,70,bstockhilla2@etsy.com
cmccolluma3,"8o3@*_,z\",27,kgajownika3@cafepress.com
ksherera4,0MNaoU(s4U1,110,laizikowitza4@blinklist.com
clylea5,6/wMfqjT,89,rkitteringhama5@ftc.gov
sshawdfortha6,3+*l5cM9&KV,58,mgodbolta6@gizmodo.com
estenera7,"2m~yT""11t",92,isissensa7@paginegialle.it
dhexama8,"13=#A""q",27,pselburna8@soundcloud.com
jpidgina9,8`ZQs>,54,hdargavela9@barnesandnoble.com
efryersaa,6f&`54E=B,92,mlabbettaa@fotki.com
shavvockab,3)WpNS+R/&$,110,jdanetab@ted.com
jscarisbrickac,6.OMON,70,mvanoordac@tmall.com
dhaldenbyad,9>*VQKz$,85,mbristoead@theatlantic.com
mfaircliffae,2{o0=3Q,18,ldarnbrookae@ehow.com
calmeidaaf,2PhboP,35,dsmuthaf@epa.gov
mkalischag,6n!=q3HZfN`,35,eadamolliag@smh.com.au
dpelosiah,75s/CrYq,57,holooneyah@narod.ru
lwyllcocksai,49yo}tku$ra%,27,shagardai@multiply.com
satlayaj,"6+gb""r",47,croufaj@zdnet.com
ebellchamberak,5d{H5)Jk,99,vkitneyak@purevolume.com
ctaggartal,"23Ydq2g""",101,amaroneyal@shareasale.com
floisiam,0tI`ZLb~+P_,77,sdrohaneam@mashable.com
euttingan,2b39b8K,14,roflahertyan@nhs.uk
dscrimshireao,"7e&\j.#""3!7@",112,vlodfordao@harvard.edu
ischulerap,8pz2PjQ~,115,gdunbabinap@sun.com
bverneaq,9\Kq_*l,16,ctungateaq@mashable.com
scominoar,4Bl/@Fj_}toC,67,lblissettar@nba.com
tdalglishas,8eSLR32V{,64,dgildingas@washingtonpost.com
kgoodgerat,6@7XvDNLJ}J7,82,lfavelaat@upenn.edu
bscholfieldau,"1""d?n=eyL8!N",89,cholsonau@mediafire.com
hbyerav,4NlmxlpYj4P,56,rtocherav@github.io
walboneaw,0_<`@14L,82,efackrellaw@blog.com
fgoschalkax,7v(zP7y)/3),53,plittlefairax@eventbrite.com
rcottageay,9!rX_A,64,scowdreyay@acquirethisname.com
camneraz,90u0F<,29,poxterbyaz@tripod.com
lparnabyb0,5g$(bY`h,51,hanglinb0@goodreads.com
bcroyb1,2cwH\oUR5,66,obomfieldb1@vkontakte.ru
kdexterb2,3~dF>Dp#9,98,raloshikinb2@seattletimes.com
smorrissb3,"7j@""qH{O",39,joliverab3@photobucket.com
amayoralb4,9N54q~FgGOg3,61,emcinneryb4@ucoz.com
awoolwayb5,51f@s=zjdm,37,cmcleoidb5@patch.com
theningamb6,3*{$oHAN.,106,mmordeyb6@earthlink.net
iaviesonb7,0=~L%gF<5,96,lflaniganb7@theguardian.com
sisenorb8,9t*pd5,112,tgullanb8@about.com
yjonesb9,7y.*x`?uEDf,90,cspratlingb9@dailymail.co.uk
cszymanskiba,63<XyP*v,64,hspellmanba@tripadvisor.com
churlbb,"3#Cl3Gexnga""",31,iburkittbb@over-blog.com
rhaugenbc,3riP('CAV,111,gwilloughwaybc@icio.us
rcawleybd,21Fva=,101,sbattsbd@slate.com
jkoberabe,2/jV~U,88,abompasbe@china.com.cn
abalmannbf,53UosghR,49,hmcilhargabf@washingtonpost.com
bneaversonbg,5$#E6{yI|9_,40,dmandevillebg@ameblo.jp
lbalmadierbh,4a#KoH}3z.Z@,30,epardiebh@plala.or.jp
rcallesbi,1ySCn~)X,40,kmacgorleybi@nyu.edu
wranglebj,1tN(=!5,72,aloghanbj@webeden.co.uk
wpalatinibk,2?Vu(K13x,34,fglassbk@army.mil
tbonehambl,0cv77hOoW)+,118,mellikerbl@macromedia.com
wrodderbm,0Zcu&KILf,16,zwitcherbm@columbia.edu
ncathesyedbn,7f*\WGs8Fq,42,lyushmanovbn@diigo.com
ccopsbo,1CIj(C0CN?,53,hdeglanvillebo@topsy.com
nmacconnalbp,2o2So/Y4u,38,jcrockleybp@facebook.com
lhaggardbq,8I/H'XkeU$Y,109,eberkabq@wiley.com
agirardibr,9LCgTa@jb,96,croddanbr@harvard.edu
ipenzerbs,4t!VWlN,64,atoobybs@lycos.com
dduddanbt,1UA$A+%.aac,40,ahaszardbt@macromedia.com
whenstridgebu,95Rw#{,102,aguestbu@t.co
swressellbv,0@EA(5\MmO0,50,tdunkleebv@etsy.com
echeatlebw,8)5hCH{,106,pbaksterbw@tinyurl.com
aphythianbx,2@PUDx0*Q)yQ,47,tsharrattbx@mashable.com
amitchesonby,7*+88?T9w,17,apiscopelloby@vkontakte.ru
ldalwisbz,"9>@z""}R/|!I_",76,mblofieldbz@fotki.com
nmayowc0,4%18nYn#5Ct+,35,gsallnowc0@ycombinator.com
ssapsedc1,"8,6y=""#oC""",60,msnelsonc1@about.com
krizzonec2,"1BC1IKLB""`",80,pdillimorec2@arstechnica.com
crobinsc3,1qi\LGiZ*P,102,chartellc3@gmpg.org
llouisotc4,"5&!qwc&ZD,4Z",54,gsinnattc4@wp.com
mdavidofskic5,6D<5zmc,65,dheninghemc5@pen.io
nstienhamc6,8%hy'aF,51,lkettemanc6@latimes.com
bgavec7,5d1Pmr&',54,prawcliffec7@is.gd
degletonc8,2\z~GL0,113,ccopnerc8@newyorker.com
cwarcopc9,8|JQsdH5YP,57,tbrittianc9@scribd.com
jweaferca,1!Mn<Lh&$Z,117,gjanczykca@desdev.cn
egammonscb,8LIBEJlcvRU,78,gstridecb@xrea.com
lhendincc,9Sd0}2G&+eC,90,nmellenbycc@google.pl
lwhitesoncd,1A\0FbJF*&,42,epfeiffercd@linkedin.com
shavickce,8&.OiD81H,73,mvanthoffce@themeforest.net
astrelitzcf,8F5\cf,36,isellorcf@4shared.com
sklezmskicg,7&1KH.a,92,cclubbcg@posterous.com
atongsch,0ReW2C'xl#2N,75,vlewingch@hc360.com
nrymellci,3+Q6Vb!,80,gwittci@earthlink.net
bfassmanncj,7Hi1Vam\yL?8,17,hacomecj@ow.ly
onormadellck,2@Tw6}q',25,dwhitesonck@adobe.com
ahatchettcl,2O0@Ibcr,52,dprowsecl@webnode.com
skarppicm,3%UC#$uTwyCl,95,dharlecm@edublogs.org
mhulmescn,3.9<gqqIWlhQ,100,ndukesburycn@yellowbook.com
cmelodyco,3zR5epupdbtH,23,lelsmoreco@netvibes.com
nwallercp,2x1wzq,34,gruggiercp@cbc.ca
dshurvillecq,0Job=nE,50,dkirknesscq@admin.ch
cbrettcr,35*}F2{>9X,99,bconringcr@comsenz.com
krafterycs,3zYm%A,33,ceveringtoncs@bbb.org
mhowgegoct,1_7z#fy6q?`,102,mspringatect@sina.com.cn
tcoggillcu,9Ike!D,58,vtrubshawecu@yandex.ru
shaborncv,352GwQ7yAtx,42,gwaterlandcv@simplemachines.org
phawcw,6wpBiB@<d,64,eknightcw@nih.gov
abrotherscx,6j~*I{UmCj4,30,rgumlycx@people.com.cn
efaraharcy,9kmQDF20&,102,bmiddiffcy@google.es
apenhaligoncz,8Ot_AG,37,stheodoriscz@forbes.com
rbrotheridged0,7{Z/GvX,17,lpigeramd0@google.com.br
xpawelczykd1,"3,~uJRTTv",29,eschelled1@ted.com
glonghorned2,4<8PDwX{,22,prommed2@kickstarter.com
aedmottd3,9Bp0mn~z,23,ppittwoodd3@slate.com
svedyasovd4,6=xRHGqoXPf,115,mluciusd4@sphinn.com
abaumd5,"1tmOUHLC""m$",90,obradmand5@wix.com
dbudibentd6,1HG=Rqx,40,ahallstoned6@1und1.de
tcatlingd7,7hPr6~Wlbu,43,cmceloryd7@blog.com
edytond8,9)sW#5,100,jgoltond8@zimbio.com
gduckettd9,7%<M@.y},55,sperisd9@ovh.net
ifideleda,6S=FTN>ptH,109,abaggianida@angelfire.com
hcardenasdb,8hQMTC(,60,jlarwooddb@rambler.ru
ugreiserdc,3W3dN&7/!>0K,66,kperduedc@hao123.com
gedinburoughdd,6'L'GeHp9,20,rprosedd@smugmug.com
ndracode,4r~33Z/U,76,gsudlowde@ocn.ne.jp
mclassendf,1GqDKLQQU,43,drichardesdf@wiley.com
tsherbrookdg,3&8'DUKs%,30,pcapelldg@va.gov
ttriggdh,8~GVLP{O,98,baxtondh@issuu.com
fgowdiedi,"9,GG#|1?)o<",93,salpsdi@cdc.gov
bstrelitzdj,1k.Bq9s$,45,kgossagedj@simplemachines.org
ylebourndk,"5r%""$G(10Wq%",28,efeldmanndk@icq.com
dcrosthwaitedl,3nquv}}B*0,43,hluckingsdl@trellian.com
asnoddindm,84!>C2V<O2,56,fdomenydm@statcounter.com
rbadrickdn,"5o~Z((""",67,ffoundsdn@jalbum.net
hhoneyghando,9$Yxn?Szdq,86,hbaddileydo@examiner.com
omauricedp,8~G.jMr2EbPX,119,alareddp@nps.gov
lcaukilldq,59XgEY,50,cmorrelldq@plala.or.jp
lmcavindr,"6r0>N&_Wt""",65,sbalderydr@list-manage.com
kracciods,6cQo'SJ,68,skrochmannds@apache.org
rlidgertwooddt,0&x'5E_'''|),70,rakselldt@statcounter.com
mcunniffedu,5w2Ybl1Sup+w,24,ehartshorndu@forbes.com
vfashamdv,17(Iomkn'(,82,brawkesbydv@si.edu
bellerbydw,59%nJvs,23,eburneydw@bloomberg.com
ltierneydx,8\Fg7SKd{Sd,35,shedneydx@upenn.edu
pcarnihandy,5?)G`87(,102,gblowerdy@ebay.com
sbalderstondz,"5IpT?12""",24,vclemdz@sakura.ne.jp
rgustuse0,9!7T`8q,45,bmighelee0@nps.gov
vshallikere1,"6yrm,DG6X!V",44,tnairye1@europa.eu
bcharlicke2,4NLq+!H6Z,37,ipiscottie2@goo.gl
spontene3,0?D>DTc_?gPl,27,sgelliere3@google.de
gjamote4,3w{l(OM|,63,gjerosche4@boston.com
dharburtsone5,8sg%keOO!~oI,89,cboltone5@bloglines.com
jgoade6,3JuURA\v@86i,53,ycaveaue6@photobucket.com
ccoiee7,1*$ih~J,115,adenningtone7@mapy.cz
kmcnallye8,"1g<A,y\bc",68,mcurnocke8@mail.ru
wskipperbottome9,3T(<z.W7,16,cpacquete9@earthlink.net
sclinkea,"3"".c,pE",114,pbrocklebankea@parallels.com
ifaucetteb,33GX7O#40,61,lwedmoreeb@microsoft.com
hmunnsec,"3,M?|B3+2BR",67,osevierec@odnoklassniki.ru
dkynnded,9ryUHxzGP&R,103,kwhitticked@wired.com
ebourneree,82NtEjQ7dL<,111,criccaee@lulu.com
bdanteref,5xs)6$,14,oriquetef@sbwire.com
cmacmeanmaeg,9nUqjf?k,119,llohdeeg@tinypic.com
hoclovaneh,5H=sq#,105,rashleigheh@ow.ly
abackeei,6O9QGW9{T,80,amallockei@tumblr.com
jkwiekej,69!6cl$dZ?g,85,mfaulkesej@eventbrite.com
trathkeek,2q_\*m=ht,48,cmuffordek@vk.com
radamouel,2+sX2t,27,lgoulterel@netlog.com
tchasierem,7PMGdnBqCCA7,91,nmcglewem@wordpress.com
gaxelbeyen,8=CIU8}ZL3Cg,25,gsquireen@free.fr
brubinfajneo,1Dv%!4im,74,eboijeo@google.com
bselbachep,4Z>au9,20,mmonanep@theatlantic.com
ebrannaneq,2vs6QM_1p,54,ccarlseneq@sbwire.com
wmattiser,2iauz0,32,abulstrodeer@diigo.com
ostuehmeieres,2UMKBvDHF,38,fdumiganes@ftc.gov
glubmanet,9TGGe}SP,31,caleksankovet@amazon.co.uk
mmalaneu,49'?~7,93,pgoulbourneu@twitpic.com
cpeppardev,76\\!5,35,jstannislawskiev@thetimes.co.uk
dwetheredew,8{5M{!,17,badanezew@nyu.edu
eonowlanex,05)ga`,77,mlangcastleex@flickr.com
aclatworthyey,6ujmBCC)w,81,cchesselley@time.com
marntzenez,9{kTy31Qj,14,jrhoadesez@scribd.com
efrankcomf0,2n/.#mC,116,rdicarlof0@booking.com
ptaskerf1,4CR4}Q0JPM,67,cdibiasiof1@cloudflare.com
nmuneelyf2,6uMz?vmjl,104,mmontacutef2@over-blog.com
atutef3,9}7'b2,46,kburrilf3@state.gov
cjerroldf4,6(V|?P,19,mcretneyf4@goo.gl
rsymsonf5,5UAy_zk46,113,ekelloggf5@constantcontact.com
fdainef6,"0jg*PAr.rD,",98,dfairchildf6@ning.com
gswiffanf7,"5h<""mI",21,askeermorf7@tripadvisor.com
emaileyf8,1_v1`/A3Hz4.,99,rrymmerf8@marketwatch.com
bfaccinif9,9@wg/)(pX,53,mpimleyf9@amazon.com
mgammetfa,8f~/K0{,55,rorgillfa@g.co
nbrontfb,5I\SF`9Q61),18,vantonowiczfb@irs.gov
erumbelowfc,5pME@AKUqRR,107,fcryerfc@tinypic.com
spichmannfd,8MVt~z/'tMA\,65,rdedamfd@yahoo.com
swaldockfe,2u).eBx1,34,craspfe@oakley.com
kwarcupff,3\W$R&',53,ssurmeyerff@newyorker.com
thatreyfg,"6rGU*e4,E",102,rfeasterfg@hugedomains.com
ahanhamfh,6b5@LFuK\#f,115,hbaressfh@moonfruit.com
ameadwayfi,69(&st2jJgCY,74,tscarbarrowfi@cisco.com
lkingslandfj,8fce@7sTfvN{,86,cbartafj@loc.gov
pchatersfk,"3R"")AD8E",73,ldurbanfk@cbc.ca
tbockfl,0Y_5uTwX,89,jcucheyfl@mayoclinic.com
btrasslerfm,1z&X%WNfH,98,cnaishfm@meetup.com
lshukerfn,"9hO""l@b18t{",68,agirdlerfn@cyberchimps.com
tcolkettfo,7_!sVRK=!5Z@,46,rseagarfo@usatoday.com
vbusswellfp,15Lu8ZJ431&R,19,earnaofp@photobucket.com
npleasefq,2WeEdu5N3xST,21,gcasswellfq@linkedin.com
frheubottomfr,3v<s3(sX,110,gklimkefr@furl.net
aportsmouthfs,0'5IO},52,vbonsallfs@eventbrite.com
ewoolensft,0G&BaK5q,96,ntriceft@latimes.com
cbenallackfu,1Uc/\6$S,22,clessmarefu@apache.org
gdobiefv,"27!q,HAB2kX",25,swacefv@vkontakte.ru
gdechellefw,0cz4?K+t7,76,arobakfw@chicagotribune.com
wportchmouthfx,5D5<s?,45,molenovfx@omniture.com
galdayfy,60QyTub&k)L,101,iboumphreyfy@mayoclinic.com
mcowardfz,4xa|s!#k,55,rkilshawfz@sourceforge.net
serrolg0,"3+&""b6drqB/",43,kescottg0@princeton.edu
ringlisg1,"2l2\7%xkd,EY",73,awedmoreg1@google.it
lkrabbeg2,6tb>$Of{k8,51,bcominellog2@google.fr
rmiddleg3,"39AO,jT5ql",59,egronoweg3@hatena.ne.jp
mmolesworthg4,"7COC>,",50,elunog4@sbwire.com
vwickmang5,8+r3XQIi,97,sfinnimoreg5@ed.gov
vanscombeg6,5!\Df26R1VNh,45,kgaulg6@addthis.com
bschwartzg7,3(G0Bk35,87,pbassettg7@tumblr.com
kkeherg8,1hyKLk$o,26,asmewingg8@yellowbook.com
ggaskallg9,05vB68,111,doldisg9@wikimedia.org
swhittleseyga,"7,@?qtd2",75,acosserga@sina.com.cn
vpettyfargb,6qIC_v,101,asowreygb@stumbleupon.com
rkopelmangc,0U#foxf,55,mkohnertgc@cloudflare.com
umariangd,8~(DUYy#)7G4,57,pscrigmourgd@joomla.org
wwreakge,5JL(nY,94,inormadellge@pen.io
keilhersengf,1(nab&0a,17,cmcowengf@ustream.tv
ttaphousegg,"6|""VyA9b'oFJ",113,pdoblegg@yahoo.co.jp
fhuzzeygh,7+9k*z89/,48,tcalderogh@addthis.com
aprimmergi,23~323C_f39,104,enarramoregi@hubpages.com
ahubertgj,3#o<3|BdL,42,vhuffeygj@mozilla.org
dsnoddygk,2`cp(lN,77,pdenizetgk@nytimes.com
dtabbittgl,5jA'/4{,85,sbettinsongl@bing.com
jsimlagm,8czqn*A,95,nkoppgm@ebay.co.uk
lbeckhamgn,6Dc&yCkgXl+P,15,vocahillgn@geocities.com
bhavockgo,8k<{Zrg0,55,hjossgo@sina.com.cn
achardgp,0nWS!v%xB,73,lpopworthgp@prweb.com
mpersichgq,9sv&L?,37,klowndesbroughgq@behance.net
plagadugr,4.94GAABgasE,24,rscherergr@alibaba.com
dsewardgs,1R+hzAkV1>,114,wfludgategs@webeden.co.uk
mpercifergt,6OZrP_>=&H',52,dedmettgt@tuttocitta.it
aborrelgu,6_Ux_8*,41,vduigedgu@cpanel.net
hbrittlebankgv,3bC>51Q!\FT,40,pbrisgv@spotify.com
aferrerasgw,0k=0YT%,113,sbeevorgw@deviantart.com
dcoupegx,7GYpQ}b\W,35,rbreydingx@so-net.ne.jp
pcestardgy,0#%osyCQ26,96,jjenessgy@sitemeter.com
rbinnsgz,4~Q?k.T,15,kbarradellgz@cnn.com
dwolfeh0,9`k)j19,22,thamberstonh0@wikipedia.org
tcescoh1,0rpGLk%OV,64,wlampeth1@smh.com.au
handreinih2,6?kg>z`H,32,btromansh2@domainmarket.com
salcoranh3,7u6J6U,17,alanningh3@a8.net
mhelsbyh4,2>Dq|K70Qw,91,cstangoh4@istockphoto.com
rdurmanh5,0W_+NslVGF,68,abartleeth5@jiathis.com
mluxenh6,3NeVK~<,116,dnobleth6@sphinn.com
ivannsh7,6mEYamKd%XL,106,wcashh7@newyorker.com
edirrh8,1{.+!r3k5|=,46,ffoaleh8@addthis.com
rthredderh9,0iMm5>YqKIk,56,rhornigh9@fda.gov
eboysha,1R&=G3,28,vwattha@printfriendly.com
mpavyerhb,8&d@j$uLWo?,41,mcausnetthb@columbia.edu
ssabbinhc,"4q(#R!,oKJ~(",117,hpeschkehc@xinhuanet.com
mdimmockhd,8qdCCBu5$D|.,37,ljolinhd@globo.com
vmcgroartyhe,1Ez6hbEzL/,117,ddomesdayhe@behance.net
cskellornehf,6PX10Qr7,14,chilleyhf@gravatar.com
blepardhg,7lJ<oj,108,psturthg@1und1.de
dhatonhh,6vnQvJ0}T8,93,arannerhh@liveinternet.ru
klampetthi,"8z{m&(z$`#n""",94,rsergenthi@redcross.org
rbickardikehj,2xHY2H?f,82,fkeanehj@wunderground.com
rgulstonhk,5!N<_I?,111,agalierhk@feedburner.com
zgoodramhl,7~e>|#Y9,109,hsawarthl@exblog.jp
apicotthm,0*46=vZCZ,35,lhayenhm@hubpages.com
morridgehn,7|fgZgMn2!6,92,ekendrewhn@illinois.edu
bharlinho,6vL>|NZrV,66,dberriballho@bbc.co.uk
lgoggeyhp,6)6|C_sM,93,ccollardhp@opensource.org
bduhighq,1+1JC.+T|@it,16,lsiselandhq@hc360.com
kgummehr,4u7#E+z\g,24,moshavlanhr@cnbc.com
cflaghs,"2N8j1gl~""Mre",110,dmapstonhs@eepurl.com
hgrolmannht,8\B_0jdR(`r,95,jmenziesht@blogspot.com
abauldreyhu,6r*mHu_wH+,23,bbakeyhu@amazonaws.com
enunsonhv,2p{NHtfb,96,dadamehv@ibm.com
fbaslerhw,6Jt2&G,77,gdevotehw@posterous.com
cgommehx,3L|8DYVlvX,85,rabbeshx@google.pl
ghurchhy,37<C?GZ'jV,43,hrappshy@state.tx.us
mkrzyzanowskihz,"4b""#a3'beX3",115,jcalbreathhz@house.gov
swinni0,54Xj6w1J'|,63,sboughi0@berkeley.edu
aomohuni1,6_3qiQp@,98,cberridgei1@hubpages.com
aantonognolii2,6dk9)b#9,66,vnendicki2@jigsy.com
apaddelli3,8\SFO|`vzkn},42,ahenkmanni3@baidu.com
khinzei4,7r7_EEH*S*,28,mszymczyki4@meetup.com
cnowakowskii5,0iWQXmHG,117,fparrishi5@trellian.com
ahutteni6,5e(JnND7T,40,ddymotti6@jalbum.net
jrivilisi7,9b3kg{3,66,fleggini7@plala.or.jp
cgorchi8,9tE$)'V@<ql,100,dwanleyi8@weibo.com
rmoldeni9,9iFKCbgk0`l,90,soldhami9@google.ca
hkebellia,5tqCm!h\K,24,mstockowia@reference.com
amuddleib,"9D}""Qg9k)""L",42,rlatteyib@studiopress.com
afaulconeric,0K6lm9+pg,113,robradaneic@ning.com
gbottelstoneid,2<tITG#'gP0E,107,bpedrielliid@plala.or.jp
sblackallerie,8zYlxX{c/W|,110,gniscoie@businessweek.com
jquadriif,"2a+""Hm",117,agerattif@sbwire.com
emustardeig,"0JtA?&,b",61,cmcgowranig@va.gov
mbenoitih,44NFViWT~y,76,rforrestallih@squarespace.com
kscrimshireii,2>+Kh6QlyG@N,15,sgayforthii@unblog.fr
nallawayij,4Z4kvVq~$ua(,58,gmccannij@exblog.jp
dlacrouxik,7{0%m`Aycga,31,cscamerdenik@seattletimes.com
ssutheranil,85C=|<#H2W,91,awidocksil@umich.edu
gjenoureim,2gr9/5ww,110,hpigneim@1688.com
mchimentiin,7x}Uc{HK%@,103,mfrigotin@networksolutions.com
jfarlowio,9Ruf!p,67,estqueninio@icio.us
ppallesenip,9L{4G_d29a,62,gborrottip@gravatar.com
ghuntleyiq,4kgN=c,101,hcratesiq@ameblo.jp
ihaddlestonir,9o=iGWp,50,kmacelholmir@intel.com
pconduitis,"4/Tx+,dw",85,mcocksis@blinklist.com
zguddit,"8j}r{},!!",40,iaberchirderit@seesaa.net
lbeekeiu,9V+c?>_If,41,sosiaghailiu@nps.gov
pwasoniv,"8u#_O""e9&JE",15,zkinveriv@360.cn
bsabattieriw,4lZADZ,69,zwealdiw@bluehost.com
cbattmanix,9&Xunl22936,37,dturfusix@businessweek.com
ebottelliy,2Y`sZ&Y?>GrY,23,jyorkiy@symantec.com
gvockinsiz,41NVQlQl#,58,pcostardiz@shutterfly.com
jsetchellj0,25D4i*M,15,tsimminsj0@prweb.com
utinkerj1,7g.e25FZ,70,mgabbj1@newyorker.com
anortheyj2,"24`4yi,JWp)i",30,spenticootj2@squarespace.com
tcomerj3,5}y.x%S3Q,111,jorredj3@bing.com
blanfranconij4,2}PNA/7d_,112,khelstripj4@wsj.com
dpresleyj5,1i!3BFiw~jv,31,gmallanj5@nps.gov
krobbenj6,"4Jx>w,Cz",17,ccrumbj6@about.com
dnaisbitj7,3q=ar~jq,103,csconesj7@instagram.com
emccarliej8,"0M,3'z`",54,pcabblej8@shop-pro.jp
aeldershawj9,4snD$B,51,emarklowj9@wikispaces.com
bmckimja,734Q'/6vBJ,27,ablainja@theguardian.com
jaxtonjb,8Ga$=sV<8p5,87,celsmorjb@wisc.edu
cwonterjc,9awCKzJ4,75,aperringtonjc@usatoday.com
adoyleyjd,6Zimm#<,26,dgoodsalljd@microsoft.com
kjindrakje,"4Mio{""",88,eparramoreje@thetimes.co.uk
oraymontjf,"0Fvp`f,m0mX",28,crickerseyjf@csmonitor.com
csummersidejg,0w%_WE!t,97,ovivyanjg@symantec.com
tslogravejh,6NQCSZ8Ff,41,sfolkardjh@cyberchimps.com
bepgraveji,7aeyqH|1HDh|,78,hdoerlingji@skype.com
lhalljj,3ISr!m%,96,mcuddihyjj@bravesites.com
lmelleyjk,2Pp{6e)Os*,54,pbirtlesjk@gmpg.org
lturpiejl,5?|F~S_Cfz,98,dcullaghjl@unc.edu
cockleshawjm,7Ngb=6*P>,84,rsurmeyersjm@bing.com
jogradyjn,0%8\@T$@0i,48,eschlagjn@youtu.be
mwolfordjo,"0@MS.zySG/`""",113,crobbjo@joomla.org
gredrupjp,5M_&@8FL,64,eduntonjp@census.gov
sheretyjq,6(yA*&,69,pkeigherjq@facebook.com
sludmannjr,4F)V'2Z2_,116,zklosjr@gov.uk
dsibbsjs,0/7/hQOWxJna,111,ccoxalljs@nhs.uk
avizejt,"63}Y3J9,wC",64,sgilbartjt@gravatar.com
ghebblethwaiteju,2$F3tR,111,wgowdyju@uiuc.edu
fpressliejv,"6,}/jAi{.",78,censerjv@techcrunch.com
fabrahmovicijw,6Royic,43,ywooddissejw@addthis.com
gshearmurjx,9O6$hj!hsf#6,118,nclaussenjx@hp.com
khaeslierjy,"6iM_+G(0Qq,",116,jblundelljy@weather.com
mstratfordjz,5$!A27y\LI,38,dpowlandjz@storify.com
imarkovichk0,5d(PY`,98,estatersfieldk0@senate.gov
twerrilowk1,64R1EX,16,ccamillok1@jigsy.com
cosiaghailk2,13!USK~MW91H,113,ztillettk2@ow.ly
sludyek3,94sk|~|s1,59,pwaddinghamk3@linkedin.com
spatricksonk4,0b7t'Cn,56,gatrillk4@odnoklassniki.ru
jlunneyk5,4.}|*%.`qT,105,cvalentinek5@delicious.com
rroncellik6,"7#'H,t=/(!n",46,dmcclintonk6@go.com
clandek7,5+omqK`w%tzX,117,bbartheletk7@businessweek.com
rdugdalek8,9cJIwb?XTqq,48,dyanshinovk8@ihg.com
amabonk9,2Kuq?B,15,njohlk9@skyrock.com
hlerwillka,90e8JjB,50,adudsonka@usgs.gov
anordasskb,3dIAj'zy,14,jselleykb@com.com
alahiffkc,1E4@g&.,39,bpetrowskykc@webmd.com
btolemachekd,4ducI!qiPB>?,63,ggirodkd@sina.com.cn
bbarchrameevke,0&HSr?WAnw),111,ebinneske@cafepress.com
nmateskf,0BA4)J,56,fwyantkf@tuttocitta.it
kelcombkg,2=8FAFlZ),33,mschulteskg@unblog.fr
ldecavillekh,"7000HC""s6AC\",32,rbracekh@walmart.com
ppatonki,6u95\N2YanZ,64,ufulhamki@columbia.edu
abatterhamkj,"0vv,29m",81,stibaltkj@walmart.com
acarbrykk,9\HpW!/o@./,101,srenisonkk@google.com.hk
jbennedsenkl,9\xcnL3,47,hlambrickkl@cnn.com
mmacneachtainkm,5p\)/8J9ft,101,hiacobaccikm@telegraph.co.uk
asiddellkn,0pFI|}0$k,42,mhamiltonkn@oaic.gov.au
shavershamko,4lDW>.H,20,nwartonko@pbs.org
ibowerskp,8JLqB=PJ,31,ahinchshawkp@uol.com.br
jmaclavertykq,"5smt?!i""E+?E",74,odupreykq@wisc.edu
tgreaderkr,6*_d*_xjQ,73,sprogerkr@histats.com
rstandingfordks,0@{KI!/B+,15,cbrendishks@ihg.com
tarminkt,1x\T2R5z|i,32,awillavizekt@bbb.org
cbalmannku,0a1ipBV,95,dverdonku@bbb.org
mwallskv,"0Y5)a,&_e",52,svalancekv@java.com
ggranleesekw,8*<zr61Fce,95,dsuggatekw@cocolog-nifty.com
obartleskx,6v`')I)=,115,fcowherdkx@blogtalkradio.com
hcasieroky,"4uMf""xsms",107,cheimsky@diigo.com
dpickworthkz,7OE{mGcni,58,badamekz@ustream.tv
aharrowerl0,"2Q8,zS$ECx",16,rjotchaml0@facebook.com
msandoml1,0wupxLxU#y7,79,pwillougheyl1@hhs.gov
ktockl2,1RtGRPO.0q,43,iwhorlowl2@eepurl.com
bfyshl3,9r_}c=),98,bedmundsl3@opensource.org
tcubbitl4,8xFSsV<P93,67,sgoulderl4@xrea.com
kkulvearl5,9f|YM2pi}vJ,30,ewarrilowl5@hostgator.com
bbendelll6,79A'#*}NC1,90,rsurmonl6@wisc.edu
bdemicolil7,9q!/3J98sR6d,110,ehamlyl7@amazon.com
psavill8,3Qo2Qk5ls,43,aaddingtonl8@icq.com
mfirebracel9,9=*3cpR)!,116,sreapel9@gizmodo.com
sjouenla,"0""Nv't!qy",23,akingdomla@spotify.com
cgreedlb,3jQ9q?L4H,70,swhightmanlb@squidoo.com
hshakshaftlc,4l8a2abI*,118,btranmerlc@goo.gl
churchld,1XQfY><Y,34,rrofeld@hhs.gov
lmattevile,3`zpk$KpvoZF,23,efallale@dagondesign.com
fdaymontlf,"2D,23#pGau",32,rshandlf@slate.com
dglenwrightlg,4~=rmCv,17,jdavidovitchlg@livejournal.com
sbelderfieldlh,5MO(F{*sa,113,ebowdreylh@discuz.net
aalderwickli,2'is~q3m`,96,dkorfli@chicagotribune.com
eternottlj,4j0Z.{fa6q`,73,pmusellilj@exblog.jp
ncroleylk,"4txxr$""cQ",73,wkurtonlk@wufoo.com
harlingll,7u5}a=u,72,nhusbandsll@list-manage.com
eroxbeelm,"8dT&Cm,sg.",70,srobaklm@t-online.de
ndandisonln,9r'W60D$wBWg,84,sbarnfatherln@paginegialle.it
hantyshevlo,4IOTQ0<S+UL,62,abeardsleylo@ameblo.jp
rhitzmannlp,0GX<C#D,27,echaronlp@biglobe.ne.jp
dedgerleylq,"7""NRq?&ycCS",53,kfoundlq@sbwire.com
lpillinglr,0Dyo5koomGB',22,cdelionlr@washingtonpost.com
mfoukxls,"3v""`.9&f+6Tf",102,abrimacombels@tinypic.com
bchrichtonlt,3w+g%M,54,sdareylt@google.co.jp
lstreetinglu,0)/q&%xp=Q,47,ayackiminielu@sphinn.com
arupertilv,1w#/&N{,77,adreakinlv@paginegialle.it
jknuttonlw,7Qa{baY,107,aiuoriolw@edublogs.org
slongmorelx,89<1rhhCX+.,100,snewbandlx@mashable.com
scanedoly,7gUy9wrxqb,96,pmahargly@usda.gov
rlottelz,6wAJw7,55,ccellalz@admin.ch
oblincoem0,57=)#sc\czbD,17,vcaviem0@xinhuanet.com
ccrankm1,"5DU,!ox\/)&d",116,idalbeym1@instagram.com
tobeneym2,"6X',W>",20,bdonisim2@discuz.net
sbuckseym3,7NW*w3,62,wfeaveryearm3@comcast.net
tmorgenm4,0=`QaXU,106,ostenningm4@yellowbook.com
cedserm5,56?LjdO,52,storbeckm5@elegantthemes.com
dpadym6,3Q)v9vWaDl,88,ggenesem6@cisco.com
kbagem7,7BLS'F4d4H@,72,ecleatonm7@joomla.org
shundleym8,4Iiu*G6,53,soliviam8@toplist.cz
sshafierm9,31&fP4kk,41,wmoorerudm9@delicious.com
adurdlema,57f&SwU#o,107,krocksma@rakuten.co.jp
greevesmb,02EyPh\8,66,nkolismb@desdev.cn
ssmithermanmc,"7>CBM,6O",89,jhauggmc@nationalgeographic.com
vcawsbymd,0yosJIIS,99,emoncreiffmd@cocolog-nifty.com
edebrokeme,9h}X'8b,16,cbrigmanme@yahoo.co.jp
kwinsborrowmf,"7,*%d8fY6tij",24,cgravenellmf@about.com
jsymmonsmg,5?Q$Ov9+e\V,68,nsindallmg@wisc.edu
miannomh,7wrcMs,100,kwadmoremh@imageshack.us
mprevettmi,4MNd&pYUX,20,czelakemi@disqus.com
jbarnhillmj,2P|hvP,86,cboldersonmj@zimbio.com
sbenardeaumk,"0jB)o,%g",100,agilleanmk@cloudflare.com
lalleyneml,"5o"">n~",69,cpenwrightml@youku.com
cantonopoulosmm,32B4!X?i/@7,80,rlearnedmm@netscape.com
eparramoremn,20IIpG@Qfp=,58,dfollismn@reddit.com
nscolamo,7C.d3&v@3,61,cdorgonmo@seesaa.net
cledranemp,0VvsTbi#4#U,77,pbracermp@yahoo.co.jp
dleversonmq,28eq6I9OL5,45,dallistonmq@youku.com
sbelleniemr,"7QUp""Gn""!",113,bgobbettmr@upenn.edu
prawllms,84f7Jfcn~,58,ssimonellims@oakley.com
mwolveymt,3qhzCR!a/,23,smantmt@wired.com
gyesmu,9LZ<8MTraa,83,jeagletonmu@salon.com
bheinreichmv,6p.im6={FR,15,htutchellmv@unesco.org
bchatfieldmw,0'GX&(kQ%,110,msweatlandmw@domainmarket.com
fswinfenmx,9dT`8sQ1od3A,85,oenticknapmx@hc360.com
ddietonmy,"7P""3/fz!l",117,mmitchensonmy@gmpg.org
nallibertonmz,3>2{w{<,84,bgerreymz@deliciousdays.com
nfletchern0,7qf29EWX,58,atoothn0@microsoft.com
umackeevern1,"2""b5*Yq1hf",14,fsnufflebottomn1@jugem.jp
jmartschikn2,7!!aVD*4y@c,85,iabthorpen2@gnu.org
tcolmoren3,8VZggBDHGe,21,rdallyn3@squidoo.com
rcowoppen4,55K&($DH,16,rdeanesyn4@twitpic.com
rioannidisn5,3opS{`~Bmp,89,jedwardsonn5@sfgate.com
glinbohmn6,3!F$HqG`mN2R,73,kbramern6@cloudflare.com
slovemann7,3gcV|9X~_4,46,kcomptonn7@businesswire.com
junwinsn8,6v)X2i0!,54,stollitn8@baidu.com
droen9,"2}""""C{L",15,kbeggion9@time.com
mgissopna,"9?zybT""FZ",31,sandrinna@phoca.cz
tgilhoolynb,"5O*FfNm%""=",34,acrewnb@simplemachines.org
ohefnernc,2(JnH},66,gteglernc@ycombinator.com
kcollinwoodnd,23KJFA4,52,ndraaismand@amazonaws.com
msirlne,9\9+=&+,49,abraneyne@cnbc.com
mmctiernannf,9WklfzVO.<n,73,aliptrotnf@netvibes.com
bmegaineyng,2FPVTk!%3Vf,102,ppillerng@samsung.com
dbognh,7gz*sZ,44,hrailtonnh@rakuten.co.jp
ktrowbridgeni,0eI8I9v=,44,jjaouenni@wordpress.com
pshurrocksnj,3KyYt+~*,115,rkhannj@technorati.com
mfaiernk,1\5+!I,34,aellettnk@usnews.com
huttleynl,"1qP#o""QO*&",93,elawtonnl@ibm.com
gperrellenm,9Ty+6wIa<,72,lcrossthwaitenm@imgur.com
hklimkowskinn,1S)MP#x,30,rgertnn@ebay.co.uk
kstorahno,6a!PiaaM%K,96,jbrundleno@163.com
bbussennp,71nClbMnguC(,30,dwarnernp@taobao.com
jcogernq,5<~Ch>hHm,66,imorfeynq@a8.net
jbuxsynr,4Eq)c75`o`,34,mleatherlandnr@ifeng.com
dbraceyns,4oRyo0fiB,95,erulerns@vistaprint.com
ftolworthnt,"4j"",<Cj",96,smayellnt@ibm.com
rleahnu,5{><)oU8#cMG,74,acammidgenu@ocn.ne.jp
vsquiresnv,2e70uKQi,104,rdunbabinnv@instagram.com
hpurshousenw,99pJHt3<GhG,86,npoddnw@google.com.br
gvallentinnx,6SmH/WKT4/,42,edouglassnx@state.gov
agibbeny,6UG9RX,103,aflorentineny@ow.ly
flawthernz,0sRT/IPVY},24,lmatyjanz@patch.com
wricketso0,"4Q,_6c",50,iblackhursto0@flickr.com
ftossello1,"7#nLy,U6",79,shellekero1@ycombinator.com
vvischio2,1_z.?+MRfI,17,rcushiono2@seesaa.net
nbaxstero3,98R'<>gz|t9,52,gproscheko3@howstuffworks.com
tcowlishawo4,"4~ju77,im8",92,saerso4@yolasite.com
gdeniskevicho5,0toR/T@puy&b,113,cmoscono5@nationalgeographic.com
jcapaldoo6,1\0uHr!7gd5,54,kasmano6@rediff.com
aalbano7,"2T}{hzD"".jB",31,jgoodao7@creativecommons.org
gpamplingo8,3Nm.Y&z&0BKA,78,kbirdiso8@twitpic.com
mmackenneyo9,3(uP\|Q),110,kellardo9@yale.edu
ssisslandoa,0NK@s%1bd@PA,31,ncathenodoa@bloomberg.com
qbasiliob,8&K}%f`y,33,dmaymandob@artisteer.com
ewhalleyoc,69z&mq\,56,giannettioc@indiatimes.com
bszymanekod,5u7BekJ,85,wgraemeod@google.com
dhoffmannoe,1h+E<9x*,34,echomickioe@devhub.com
arolphof,5&4QOerB2@)G,39,sowainof@theguardian.com
earcherog,6\BAp$96)p,57,mgilardoneog@purevolume.com
druppelinoh,5&}Fe3>u{95),110,jcarveroh@apple.com
alapreeoi,5LeIv6cOX,78,vchurchilloi@paypal.com
jornelesoj,3zB.A`,106,nteageroj@woothemes.com
cmurfillok,7z6mQF%5$9vt,101,slynaghok@mayoclinic.com
lsouthersol,"6gj{JO""_O",117,smcillrickol@issuu.com
estaggom,0sDJmLsfjiA),97,toffaom@jalbum.net
pcalladineon,27FmmC2,65,sleberon@moonfruit.com
gliteloo,9jMLK!,39,dkasbyeoo@msu.edu
iboorneop,7DfgQ)DQ,69,ycadallederop@rakuten.co.jp
sbalaizotoq,0h?j(D<>qQJ,41,bflattoq@studiopress.com
ddedamor,5\Vz8Sr,67,akremeror@desdev.cn
grubensos,9oN?a!,111,droblettos@redcross.org
sbygraveot,8B`'s+9&Q,43,bmarkwellot@g.co
lberraneou,5}D<rWtq,27,bbatteyou@ycombinator.com
lpoyserov,3!3>?cOV6,119,crhucroftov@wunderground.com
kkleuerow,"787T,vh7/.3",118,rgrestieow@seesaa.net
ksansburyox,5y'|w+,72,jbirchettox@xing.com
cparamoroy,4By&$%Z\w+,50,pbroadwoodoy@ebay.co.uk
rkickoz,8%l9(8T\,89,cbrugsmaoz@paginegialle.it
clivelyp0,"1PppHz&Po9""y",42,bglasonp0@stanford.edu
joscallanp1,5Iwc}<%g,92,vpaolettip1@goo.gl
tsimkap2,7$_QDu,90,amacalorenp2@jigsy.com
ztutchellp3,4r%rh\N,45,rcrunkhurnp3@imageshack.us
rsnawdonp4,5C|5\{s(QbRJ,34,varmandp4@webmd.com
cedwickep5,0PDR2M2,56,lberrisfordp5@sohu.com
ltinglyp6,76A$0S|/>/D,88,rhuffyp6@msn.com
ewinterp7,4RN$`6,59,kgiannazzip7@odnoklassniki.ru
tdumingosp8,"82Q,XaiT",39,lsisleyp8@foxnews.com
fduftyp9,3VP<r/6jv$F,34,jmildenhallp9@hud.gov
rvanshinpa,9S>#Xx=v\,110,bsaladinopa@whitehouse.gov
dcazinpb,15RAY()Gv6,102,kkellerpb@smugmug.com
klegallepc,"80b,E~QMMP9$",94,fevanspc@ask.com
bguiotpd,4.xt<S'oNX15,29,qswatlandpd@msu.edu
mmolsonpe,0_E*s.,15,swayperpe@so-net.ne.jp
myoungspf,39iD4gs&(8,23,kdentypf@drupal.org
ljaulmepg,9w(mg}|c9,108,doneillpg@wordpress.com
ileeteph,"5<kf%dJ""v",51,galexsandrowiczph@chron.com
msarepi,"7,+2keKj9/SO",93,ltuerenapi@xrea.com
ploughneypj,6#XTv7VDV,93,afillanpj@virginia.edu
lbuddpk,3n2Zp7|fZ,35,jsimmspk@msn.com
fmaccullochpl,"7"".!,SeR",105,blutenpl@howstuffworks.com
acolkettpm,2oByJ2,76,hleveringtonpm@businessweek.com
dlarspn,9>Q/Dft,81,fjilespn@google.ca
sboarderpo,12tIt2ji|~,93,jmcnicolpo@studiopress.com
reburahpp,6_jF8r,98,jcostipp@simplemachines.org
rcurzonpq,7#z4d.&qqf,34,gadamczewskipq@npr.org
rwhitfordpr,40z=UU$RWj\`,67,aduligallpr@gizmodo.com
abowaterps,6kh.Ke75,97,acalderbankps@free.fr
mstockypt,0m#6G4O_,70,ktollept@ft.com
kallibandpu,4>FTsCpwx,44,fedmandpu@google.es
egraynepv,3=r/5|BSC,59,bbugbeepv@prnewswire.com
jcattenachpw,"7!p(2}Vm?,G",117,awybernpw@photobucket.com
resserpx,3|\l7Q045,81,phockingpx@infoseek.co.jp
ogoldapy,"23i,vli!}C+f",93,awhalebellypy@edublogs.org
khubberpz,1fo(~{pv&9,90,msaerpz@wikispaces.com
cfilipsonq0,"3rq#GO&v,q+",77,mcourtinq0@zdnet.com
swillcottq1,8*@NI1,50,rdewdneyq1@google.com.au
badamsonq2,1X<xT{`B$cs.,55,ifenichq2@prweb.com
dcheatleq3,7r=Bqyv>,118,fmanusq3@ucoz.ru
rhartridgeq4,8J&p5lB_5Lw',81,rsheekeyq4@usgs.gov
dleifq5,2=Kpm&!a4,82,mhackforthq5@nsw.gov.au
amarslandq6,"64K'_8h""",36,cvedstraq6@xing.com
amillierq7,6n1H/!6{,89,cpackmanq7@constantcontact.com
tguirardq8,3nlCnYi3,18,nscamwellq8@tripadvisor.com
vsaintpierreq9,29CM_k>cW,34,acrozierq9@engadget.com
sbeamsqa,5(NTz)jR${,15,ewehnerrqa@time.com
nwestreyqb,"9\m""J39D",79,dbakeyqb@sfgate.com
amissingtonqc,"63j`""J<",111,gchimesqc@nbcnews.com
bmcnellisqd,1eONu3Rnj,40,cmattiuzziqd@hp.com
eswadenqe,9sIjo02('0,43,petheringtonqe@freewebs.com
wlaydonqf,4R}?9g,15,sstannasqf@arizona.edu
ispringtorpeqg,61aCBbykS,55,rsutherlandqg@mail.ru
edoutchqh,56vCEaq`,72,ecroxonqh@e-recht24.de
pmeldonqi,3<K+TO=p2%au,105,nbradderqi@census.gov
ggamettqj,09.Fk=MVTKDR,72,lriolfoqj@gnu.org
mlegalleqk,7q7L2xd>2,15,mmantramqk@ezinearticles.com
cdalgettyql,5HeE{<S,18,lhanksql@shop-pro.jp
ldesportqm,8m{T40td2w6h,71,diacofoqm@uol.com.br
fmccaneqn,1vLOC&~)L,42,ucanetqn@ucla.edu
emicheqo,6b02TdZ8'*{,87,abussettiqo@lulu.com
wshivlinqp,"1HsIT""1",38,igreystokeqp@google.co.jp
jmayfieldqq,4l?'8uz,68,tblackmoreqq@gravatar.com
tperesqr,1JI?DPqM0a,103,tnundqr@soundcloud.com
smccallisterqs,6b|+8<!dTii,75,hdillowayqs@people.com.cn
gpyattqt,3rxTR)/=8e,60,demblowqt@phpbb.com
awicklingqu,1gsREAj>cIZ8,47,htiequ@yahoo.com
scarrolqv,"3,vob~""",19,aagerskowqv@gmpg.org
rguitelqw,8yuGa.yY,80,ghumesqw@vk.com
bgoncaloqx,0`S?Ysp,23,rgrcicqx@time.com
bjarroldqy,"1WL""J&k(}w",93,cgitthouseqy@ibm.com
nkewqz,8l.zxz|4p,90,hheritegeqz@wired.com
cstpaulr0,3.$UaWdnVUB,76,meastwoodr0@goodreads.com
jmurisr1,7z8R1cvog|i|,30,cellingfordr1@discuz.net
flassellr2,8%zp<X,59,abatchelourr2@simplemachines.org
lparrettr3,8?@xDQ4,56,rberther3@barnesandnoble.com
pellesworther4,15}#zb,75,hchurchouser4@thetimes.co.uk
chasseyr5,5D8$l`N,75,rtippingsr5@washingtonpost.com
lpoelr6,"0C_zZdmA(?""",15,prastallr6@netvibes.com
anastr7,"0~v2>""1?P|",35,dhilhouser7@domainmarket.com
lwedmorer8,1bYV@k1z,95,cfeldfisherr8@toplist.cz
jcooksleyr9,35Q&gT6,27,folekr9@prnewswire.com
cdornanra,1!@CMPH,34,aczajkowskira@furl.net
afleckneyrb,5voB1XSIskS,77,ehubanerb@simplemachines.org
rjacobowitzrc,7&W<a_J,96,agauthorpprc@usatoday.com
iinnwoodrd,1P~Sr5Lj29t,76,ibromerd@prlog.org
wmangenetre,0?HBl3L?'G,84,aflannre@alexa.com
tdreirf,91@>?z8{,36,vgillaspyrf@msu.edu
osowdenrg,35hNt1*,67,bfilkovrg@sphinn.com
lhundleyrh,7_I4h#,109,scoggeshallrh@google.com.br
ddorsetri,370NB6!j,118,callridgeri@seattletimes.com
tmatisoffrj,"0PdX~,H9*i4u",78,zrainsburyrj@indiegogo.com
ajohananoffrk,7*PwHYf,48,jjanningrk@thetimes.co.uk
psonrl,4{}<*D,66,rgheorghierl@about.com
randriolettirm,0@=!4F~9aa,77,aalmackrm@adobe.com
nmatchesrn,6`Rlg.pu~n/,52,mdunlearn@usatoday.com
cpomfreyro,9k/3A<=+X,43,atallynro@webmd.com
amillsrp,2ofZg<7,24,driddeoughrp@over-blog.com
kcocklinrq,3D=AJ0=,14,dskamellrq@psu.edu
mlynerr,2V2ym=sJ,25,cmordierr@wikispaces.com
